classification,daily_pnl,win_rate
Fear,209372.6622054375,0.4158784540695092
Greed,99675.5167305,0.37407443523093875
